3070,Glue
480,Collins
2228,Swales
1519,Mcarthur
651,Dent
1322,King
2398,Walker
427,Clark
698,Drury
2182,Stainton
633,Deane
1738,Palmer
1748,Panter
1241,Jerreat
87,Avenant
2120,Smith
1354,Lach-Szyrma
2854,Sullivan
364,Canning
320,Bullers
199,Bird
346,Caesar
901,Gibson
2003,Rutter
2634,Wilson
321,Bunker
2852,Kanji
3135,Kilsby
898,Ghafar
234,Boon
1462,Maidment
2466,West
3074,Gilbert
2347,Tuck
2501,Whybrow
2389,Vyse
1016,Hampstead
2871,Tse
3286,George
390,Cepkauskaite
2972,Pendlebury
2498,Whitwell
2928,Wood
1119,Hiskins
545,Crane
3228,Dogra
2867,Kester
1940,Roberts
1985,Routledge
3245,Jones
1891,Raine-Diplock
1775,Patrick
2811,Rickhuss
426,Clarey
942,Goss
2846,Jones
1502,Matthews
3075,Peddle
2639,O'Leary
602,Davies
494,Cons
2836,McKinnon
771,Fadden
868,Gammell
944,Gourlay
1449,Macfarlane
1493,Marven
3262,Parez
2121,Smith
2152,Smithers
2918,Shoderu
2931,Gillott
1606,Montgomery
631,Deamer
1764,Parsons
3329,Koczaja
1262,Jones
1794,Pegler
1342,Knowles
616,Day
1358,Laing
177,Berry
1372,Lawrence
353,Cahn
1096,Hewitt
2330,Gooch
676,Dodd
537,Cowlard
280,Brookings
486,Congreve
813,Fitch
1640,Murray
3256,Miller
2281,Thomas
148,Bates
778,Farrer
331,Burt
1317,Kilic
1676,Nimon Peters
1635,Murphy
2061,Shaw
2848,Swan
1823,Phillips
3215,Bowler
3261,O'Connell
1751,Parit
1892,Raju
3175,Rehal
2291,Thompson
594,Davenport
3209,Mickley
3016,Weaver Fisher
1291,Keating
556,Critchley
1632,Mullenger
2986,Jarvis
488,Conlin
78,Atkinson
1126,Holbrook
3152,Wasdell
1477,Mansfield
2467,West
2951,Scholefield
1947,Robertson
3363,Billington
1739,Palmer
2792,Scholey
36,Allen
1345,Kohter
2410,Walmsley
2669,Taylor
381,Carter-Gates
2255,Taylor
1873,Punter
2992,Gregory
147,Bate
1263,Jones
1022,Harden-Sweetnam
2094,Simpson
290,Brown
69,Arnold
2601,Bowden
406,Chapman
460,Clements
2953,Eelbeck
1323,King
198,Birchenough
1951,Robinson
2403,Waller
1287,Kaja
3068,Betts
1941,Roberts
1448,Macdonald
1814,Phillips
3096,Inchley
2513,Williams
1060,Hawtin
2122,Smith
2573,Wyatt
1760,Parkinson
1685,Norton
2206,Street
2042,Sealey
181,Betts
2563,Worth
2545,Wood
3081,Readshaw
2939,Earp
3055,Richards
1204,Ingram-Tedd
753,Evans
1145,Honey
1192,Hutchins
2748,Beasant
2907,Burton
3214,Beukes
2808,Banoch
1324,King
1031,Harris
2123,Smith
950,Gray
3118,Kerr
2934,Read
2797,Holmes
254,Braid
1747,Pantelides
1450,Macgregor
1592,Mistry
245,Bowles
912,Gilchrist
661,Dickson
3338,Elliott
827,Folland Berrill
1432,Lovelock
418,Chesters
663,Didler
1740,Palmer
2714,Opute
339,Buttler
1118,Hipwell
795,Fessi
1771,Pateman
161,Bell
984,Gudgeon
2701,Turner
233,Bonsor
1319,Kimblin
2667,Murrell
951,Gray
568,Curd
1282,Judd
2533,Wilson
1008,Hamilton
1009,Hamilton
1065,Haymes
2124,Smith
1690,O Neill
415,Cheesman
3065,Tarabella
468,Cochrane
209,Blackwell
2623,Mehta
930,Tomlinson
2318,Tindsley
1208,Irving
515,Cope
242,Bourne
2395,Walden
2388,Vos
360,Campbell
1733,Page
2369,Valiji
1989,Rowe
3308,Phillips
421,Chohan
452,Clayton
2494,Whitfield
2942,Ryan
805,Firth
2024,Sapsworth
355,Calder
1636,Murphy
2118,Sly
3251,Marlborough
2713,Wasiak
1015,Hampson
3204,Kingdon
2546,Wood
570,Currant
2980,Wallace
3064,Adams
2707,Hutchinson
1789,Peckham
1130,Holdstock-Brown
1994,Rozitis
2036,Scott
2399,Walker
2936,Hefferon
3306,Green
597,Davey
3361,Stirling
2058,Sharpe
1466,Malcolm
2057,Sharpe
2619,Murphy
2169,Spencer
61,Appleton
3365,Grenfen
3239,Hennessy
2910,Reid
1929,Richardson
2615,Lewis
1644,Musial
1967,Rolfe
1780,Paz
3116,Fletcher
847,Frankland
1701,Ogoe
1816,Phillips
1907,Reed
3235,Goadsby
918,Gladman
2444,Watt
2605,Jones
1099,Hibberd
2377,Varney
2672,Pratt
928,Gommon
2176,Squire
2877,Cradden
328,Burns
908,Gilbert
2653,Perkins
2500,Whopples
2823,Douglas
1444,Lydon
1229,Jeffery
3303,Connelly
681,Donkersley
412,Chattell
627,De Milita
983,Groves
3194,Marsh
1042,Harrold
2419,Ward
1420,Li
3129,Robertson
1557,Mehew
2012,Salter
686,Doohan
3360,O'Rouelle
1790,Pedder
282,Brooks
3317,Mathlson
543,Coyle
2624,Hermans
2960,Andrews
2663,Ferguson
1187,Husbands
3231,Fisher
1233,Jenkins
1595,Mitcheson
2620,Pradel Gavin
2638,Mcilwain
1914,Reid
1871,Pullen
3066,Clifford
2125,Smith
1650,Nash
342,Byrne
2762,Lambert
590,Darnell
587,Dancyger
159,Beechey
664,Diggle
1988,Rowan
1781,Peach
102,Baird
2566,Wright
1538,Mcguigan
130,Barned
2905,Davison
376,Carruthers
1621,Morpeth
1776,Paul
1958,Rock
535,Course
3045,Wright
2245,Talbot
1198,Hutt
2005,Ryan
674,Dobison
1880,Pyefinch
1658,Neeson
727,Eisner
2282,Thomas
2449,Webb
2531,Wilock
3184,Tommy
2371,Van Der Merwe
1103,Higgins
1248,Johnson
1014,Hampden-Smith
1164,Howard
2019,Sandy
2578,Yates
1627,Moser
2768,Beddow
1817,Phillips
2428,Wardle
2853,Lee
3182,Smith
2577,Yarker
507,Cooley
2173,Spooner
190,Biggs
1662,Nelson
1077,Hegarty
711,Dutch
2297,Thornley
566,Cunningham
347,Cahill
817,Fleck
1813,Phelan
2631,Nicholson
1149,Horn
2681,Brookman
2256,Taylor
348,Cahill
3172,Youens
3277,Williams
1622,Morris
2564,Worton
1922,Rice
2786,Eaton
1910,Rees
1120,Hitchen
1223,Jarvis
345,Caddy
1365,Lane
1211,Jackson
2764,Mchugh
945,Gower
739,Ellis
2909,Yan
2749,Law
1919,Rhodes
709,Dunne
1833,Pitkin
1830,Pilgrim
1741,Palmer
1961,Rockall
3295,Hill
987,Gulliver
267,Brittain
2996,Pickering
3364,Wilkinson
2090,Simmons
1620,Moroney
1230,Jeffrey
2168,Speakman
2695,Menage
2974,Pohl
869,Garcia
960,Green
1081,Helmer
1260,Johnstone
2698,O'Leary
1727,Owens
3140,Evans
2472,Westcott
2722,Campbell
2178,St Leger-Harris
704,Dunn
1482,Marshall
923,Glennie
1472,Manning
961,Green
2367,Utley
2447,Watts
3164,Morrissey
809,Fisher
2356,Turpin
840,Fowler
204,Bishop
473,Coker
337,Bustin
1835,Pollendine
1673,Nicholson
428,Clark
2045,Seckington
2734,Van Leersum
2793,Estick
37,Allen
214,Blanchford
329,Burr
2365,Upton
2937,Thomas
754,Evans
2830,Harris
2349,Turnbull
2276,Terkelsen
836,Formella
2342,Trench
584,Dale
3107,Paley
1247,Johns
668,Diniz
1923,Richards
2487,White
1860,Prior
1575,Millar
2775,Bradley
1158,Hose
1033,Harris
349,Cahill
1095,Hewes
1842,Porter
2190,Staves
644,Delderfield
581,Cutler
2886,Anderson
461,Clements
2233,Sweet
2095,Simpson
1851,Poxon
2554,Woodfield
2308,Thorpe
639,Dearing
3027,York
478,Coles
2502,Wightman
679,Domagala
2616,Thomas
2704,Fisher
1373,Lawrence
241,Boughen
1455,Madams
591,Dartington
2897,Hayes
2567,Wright
2738,Shoesmith
2671,Wallace
1076,Hefferon
2611,Cooper
580,Cuthbert
1977,Roskey
2780,Davies
2458,Webber
334,Burton-Morgan
1129,Holder
1266,Jones
722,Edwards
2029,Savory
2411,Walsh
200,Bird
2179,Stack
1055,Hawking
3188,Nutt
1993,Rowlinson
3134,Smith
1666,Newnham
3268,Shearing
856,French
1818,Phillips
2675,Wan
2475,Weston
1536,Mcgrath
2396,Walden
2047,Selkus
3145,Speedy
1998,Russell
272,Brockwell
900,Gibb
1798,Penn
2055,Sharp
1705,O'Leary
1019,Handley
2735,Desborough
2128,Smith
2596,Merrick
2333,Tonks
439,Clarke
2612,Sayers
2745,Goodfellow
2129,Smith
2420,Ward
2635,Parker
1969,Ronalds
1374,Lawrence
1079,Hellard
1807,Perry
1222,Jarman
1867,Pugh
2998,Ball
504,Cooke
1191,Hutchings
800,Field
1043,Hart
1942,Roberts
526,Cornock
2054,Sharman
2401,Wallace
1057,Hawkins
2987,Golding
2743,Sheekey
2640,Worsley
301,Browne
2468,West
474,Coker
1177,Hudson
2789,Dearsley
1288,Kane
1511,Mayberry
2052,Shakespeare
59,Antona
2679,Stella
787,Fenton
516,Copley
2037,Scott
1911,Rees
3299,Hughes
1608,Moody
770,Exley
2754,Mercer
1321,Kindred
2288,Thomason
1140,Holmes
1979,Ross
934,Goodman
2350,Turnbull
73,Ashley
1613,Morgan
2706,Gourlay
2916,Armor
603,Davies
3011,Hawes
1861,Prior
2627,Eveleigh
1249,Johnson
2818,Georgiou
3199,Beattie
1473,Manning
3041,Bartlett
3000,Carey
1843,Porter
316,Bugg
1978,Ross
670,Dixon
1334,Kirkpatrick
1501,Matta
2729,Rasmussen
2421,Ward
3270,Thom
815,Flatman
2116,Slevin
936,Goodwin
3221,Cohen
2241,Szreider
1959,Rock
300,Browne
3012,Cooper
1528,Mcdonald
1649,Napper
92,Baaye
469,Cockburn
1561,Melody
3263,Peters
420,Childs
1763,Parr
237,Borrett
669,Ditchfield
138,Barton
3342,Campbell
1051,Hassall
2387,Voo
2661,Allwood
387,Cattaneo
2904,Bartlett
2919,Channer
786,Feeley
1924,Richards
1188,Huskinson
2130,Smith
1793,Pedley
2712,Fleming
1829,Pike
3093,Mailer
3371,Stanton
2062,Shaw
1000,Hall
3319,Voeltzel
1170,Howe
60,Apel
2381,Verhoeven
196,Birch
3241,Hough
2132,Smith
3110,Heron
1732,Padden
1176,Hoyle
2559,Woolley
1755,Parkes
2920,O'Cadhain
2482,Whelan
1726,Owen
2119,Smedley
325,Burnett
1507,Maurello
2208,Streeter
3003,Matthews
2898,Elliott
457,Clegg
3348,Richards
191,Billing
2855,Torres
649,Denjean
2782,Sharp
1001,Hall
3226,Currie
3282,Yabsley
2677,Booker
1645,Mussard
2110,Slann
1487,Martin
1866,Proctor
2930,Mackay
2668,Edmonds
1884,Quick
1549,Mcneill
2503,Wild
784,Fear
2514,Williams
2164,Spain
755,Evans
1217,James
3187,Kennedy
2857,Baird
2435,Warth
1702,O'Gorman
521,Corcoran
1663,Neo
2787,Sivills
705,Dunn
3043,Bailey
74,Aspel
1201,Ilsley
621,Daymond
2568,Wright
3328,Sceames
2526,Willis
258,Bransby
2575,Wylie
1939,Robbins
629,De Sola
3109,Cartmell
3210,Bogan
2210,Stringer
1499,Masters
1106,Hill
943,Goulding
2535,Wilson
96,Bailes
2569,Wright
470,Cocker
2156,Snape
1832,Pilsworth
1983,Rouse
1146,Honour
3050,Higgs
855,Freitas Camacho
3326,Jones
799,Fidler
2736,Clark
3077,Syron
1925,Richards
1305,Kempster
1193,Hutchinson
3112,Cope
1132,Holl
1937,Ringrose
458,Clegg
422,Christie
577,Curtis-Smith
2796,Day
579,Curzon
2694,Coombs
888,Geller
3069,Scott
1375,Lawrence
3296,Murphy
2167,Sparrow
3265,Richardson
963,Green
1267,Jones
2570,Wright
2691,Kenyon
2075,Shinn
2958,Southall
2319,Tinkler
541,Coxhill
1123,Hodgson
3312,Rolfe
146,Batcheler
3223,Corbett
2089,Simmonite
756,Evans
508,Cooper
378,Carter
3007,Nel
276,Brooker
1390,Lees
392,Chacksfield
2507,Wilkinson
124,Barbin
340,Button
1996,Rule
3046,Fricker
1778,Pay
1857,Price
160,Bejarano
1869,Pujol Santamaria
1492,Martina
2527,Willis
1020,Hansen
2220,Sullivan
2250,Tarbit
1320,Kinder
3227,Dawes
1467,Malin
3005,Wilson
1713,O'Reilly
1351,Kung
2765,Hardwick
1709,Ometto
3198,Mayorga
2015,Sanchez
2023,Santa Maria
429,Clark
262,Bridgman
2009,Saez
1128,Holden
16,Adams
2817,Edwards
1558,Mehmet
3302,Zoboky
604,Davies
3357,Matthews
3355,Knox
302,Browne
417,Chesney
251,Bradley
3131,Snelson
3008,Maglennon
1024,Hardman
3189,Mitchell
82,Auckland
605,Davies
189,Biddle
1515,Mayo
2246,Tame
1194,Hutchinson
2828,McCarthy
206,Blaber
3335,Greenwood
2431,Warren
718,Eaborn
2783,Finch
1634,Murden
1610,Moore
2278,Thacker
2963,Allman
533,Cotton
775,Farmer
3146,Ireson
2227,Swain
3009,Marshall
1488,Martin
3073,Twyford
902,Gibson
1674,Nicholson
1046,Hartwell
1651,Nash
291,Brown
1581,Mills
2207,Street
2103,Skelly
2412,Walsh
335,Busby
2312,Throup
2831,Tse
1838,Pontifex
2109,Slade
270,Broad
370,Carlin
72,Ashdown
2719,Roux
3281,Wotherspoon
2673,Slatter
652,Derbyshire
3186,Foy
1195,Hutchinson
1136,Hollett
2913,Bingham
3097,Mcmanamon
655,Dewick
2945,Kirke
2865,Wainman
1155,Horridge
3332,Codling
2883,Sheppard
2801,Norman
47,Amos
3285,Fusco
2955,Green
2380,Venckevicius
368,Capewell
659,Dickinson
1801,Percival
3165,Armstrong
531,Costin
3061,Heron
2710,Passee
1591,Mission
2757,Lott
3333,Crowston
2723,Bickle
3278,Williams
1586,Milner
1453,Mackie
2260,Taylor
1554,Mctait
697,Drewett
2078,Short
3128,Cavendish
309,Buckingham
2742,Frost
2273,Tee
3120,Hardcastle
662,Dickson
2940,Suppiah
2621,Emery
1224,Jarvis
557,Crockatt
466,Closier
2576,Wylie
3090,Taylor-Paddick
3126,De Villiers
723,Edwards
1503,Matthews
1410,Lewis
1556,Meeks
1656,Neal
2588,Zajac
913,Gill
2360,Tyley
509,Cooper
1209,Irving
3177,May
1184,Hunt
2832,Eadie
816,Flatt
2237,Sypula
372,Carr
2968,Grundy
317,Bugg
881,Gaskell
2973,Busch
974,Grey
2378,Veasey
3259,Munro
2046,Seewald
2791,Scriven
471,Cockerill
1678,Noble
2547,Wood
2082,Shulver
2133,Smith
2375,Van Uem
1214,Jackson
2397,Walden
2292,Thompson
221,Blowman
3301,Brett
2290,Thompsett
981,Griska
2652,Johannsen
1982,Rothwell
222,Blucher-Altona
2357,Turpin
1917,Renfree
690,Downes
327,Burnman
1426,Loftman
1474,Manning
3137,Gupta
600,David
1839,Poon
2134,Smith
3147,Malpass
3345,Mcglue
2977,Betson
715,Dykes
248,Boyd
2112,Slater
3267,Sear
2374,Van Lokven
1812,Pheasey
3279,Wooddisse
2293,Thompson
440,Clarke
2231,Swannell
2088,Silver
3352,Davey
2665,Knapgate
3078,Iceton
2716,Warren
1611,Moore
844,Francis
229,Bond
2938,Mcpartlan
1589,Minty
2658,Goodwin
1875,Punter
814,Fitch
2165,Spanswick
2962,White
2335,Tonks
128,Barham
1010,Hamilton
2770,Trott
210,Blackwell
1183,Humphries
1047,Harvey
3307,Grimwood
2903,Stevens
952,Gray
2187,Starling
162,Bell
2216,Sturdgess
379,Carter
1092,Hernandez Sanz
870,Garcia
3236,Habib
2993,Dixon
1411,Lewis
766,Everest
2328,Tolfree
3059,Easthope
671,Dixon
2906,Peney
2222,Summerfield
2289,Thomason
818,Fletcher
3327,Blaavand
1296,Kellett
789,Ferguson
3156,Hill
1626,Morrison
90,Avola
2727,Wallace
2728,Seal
998,Hales
510,Cooper
2483,Whetman
3237,Handley
3020,Down
1655,Naughton
2440,Watkins
2422,Ward
357,Callard
411,Chasen
3234,French
2617,Yelland
2536,Wilson
1464,Major
3013,Cook
1522,Mcconachie
2197,Stewart
2361,Ulyett
920,Glancy
169,Bending
1202,Ineson
1457,Maddock
2229,Swan
1990,Rowe
3288,Robinson
2014,Samways
3362,Smith
1543,Mckellar
946,Graham
2858,Fitzpatrick
2875,Harris
776,Farmer
2213,Stuart
2413,Walsh
1494,Masarati
2030,Scales
1819,Phillips
1431,Lovell
1165,Howard
2067,Shearman
3048,Draper
1768,Pascoe
464,Clift
2226,Svobodova
2050,Shackell
1369,Lansbury
2359,Tyler
2943,Ritchie
1312,Kerindi
1206,Iordanou
1802,Percival
2878,Betts
498,Cook
1934,Ridley
976,Griffin
2725,Rees
2599,Pembery
2423,Ward
534,Cottrell
186,Bhamber
634,Dear
288,Brotherhood
1359,Lamb
1366,Langridge
2548,Wood
2056,Sharp
2306,Thornley
1307,Kenney
1708,O'Malley
2488,White
1517,Mcaleer
3030,Lee
1382,Ledger
863,Gadeke
2885,Rehal
401,Chana
656,Dhami
819,Fletcher
1999,Russell
1567,Metson
617,Day
622,De Gorter
909,Gilbert
2294,Thompson
549,Creaser
377,Carss
3079,Reid
1647,Muston
1783,Pearce
2021,Sangster
2064,Shaw
1912,Reeve
2008,Sadler
2685,Tasker
1034,Harris
1791,Pedder
618,Day
1412,Lewis
2881,Prodger
3260,Newell
1792,Pedder
1872,Pullinger
3040,Panock
2731,Goldsmith
2773,Anstee
1718,Ortlepp
1107,Hill
511,Cooper
2136,Smith
3369,Redman
3080,Byrne
2598,Lee
2693,Thomas
3298,Jolley
1665,Newens
2597,Merrick
542,Coxhill
2465,Welsh
3289,Robinson
1385,Lee
152,Beach
1360,Lambert
3284,Holloway
1456,Maddix
688,Down
2343,Trostmann
1250,Johnson
1894,Ramsumair
1715,O'Rourke
2708,Hughes
3047,Bevan
864,Gadeke
2336,Tonks
1906,Reece
1059,Hawley
1218,James
801,Finch
724,Edwards
1286,Kain
866,Gamba
235,Booth
1991,Rowland
1696,O'Brien
867,Gambrill
2991,Gomes
1048,Harvey
492,Connolly
666,Dilger
1124,Hodrien
3318,Boxberger
1541,Mcilveen
2105,Skinner
2244,Talania
706,Dunn
2656,Stryczek
441,Clarke
2862,Mawson
1310,Kenyon
1144,Holubjowsky
2740,Savill
1203,Ingram
536,Cousin
2721,Owden
2999,Lilley
2717,Zdunczyk
2315,Tiltman
449,Clarkson
3255,Mcnicol
3356,Washington
3350,Cook
49,Anderson
2837,Smith
790,Ferguson
853,Freeman
2469,West
2006,Ryan
3142,Phillips
1189,Huskinson
1582,Mills
2956,Richards
1652,Nash
1061,Hayes
215,Bland
1301,Kemp
2238,Sypula
395,Chamberlain
1735,Pain
2436,Warwick
2085,Sidebotham
638,Deards
2212,Strutt
3018,Howard
3057,Durant
1661,Neill
3222,Colwill
2730,Poole
1995,Rudge
1630,Moye
571,Currell
703,Dunleavy
2230,Swann
994,Haines
1980,Ross
3168,Stansfield
32,Alexander
97,Bailes
3031,Rippon
1970,Rook
2961,Van Der Velden
2322,Tiplady
1604,Montague-King
1986,Routledge
64,Ariza
176,Bernardino
389,Centelles
2351,Turnbull
373,Carr
2476,Weston
2479,Westwood
3049,Stephenson
2636,Thompson
1231,Jeffs
3157,Eyeington
2925,Montoya
2815,Meadows
2295,Thompson
2813,Blythe
1475,Manning
1746,Pankhurst
1196,Hutchinson
1113,Hilton
3101,Bradbury
1590,Minty
1413,Lewis
3180,Blackwell
2429,Wargent
642,Delahaye-Slater
1490,Martin
1864,Pritchett
1716,O'Rourke
1587,Milo-Pears
414,Cheah
2608,Burton
623,De Gorter
2296,Thompson
2718,Hanson
1672,Nichols
650,Dennis
1598,Moir
2137,Smith
3123,Wilson
1292,Keech
1210,Ivall
2033,Scarvaci
2065,Shaw
3171,Goode
1350,Kubicz
1371,Larkas-Mossop
3002,Mistry
1397,Lennox
57,Anthony
953,Gray
2317,Tincknell
2340,Townsend
740,Ellis
1981,Ross
1398,Leonard
2989,Smith
1376,Lawrence
3339,Oddey
1744,Pancoust
315,Bugaj
2262,Taylor
3275,Waite
3108,Mehew
314,Buckley
135,Barrington
2902,Taylor
2437,Waters
2100,Sinnott
2027,Saunders
938,Gordon
873,Gardner
601,Davidson
2538,Wilson
1379,Lazarus
3036,Lunn
208,Blackall
1251,Johnson
3243,Jenkins
1036,Harris
730,Eldridge
2592,Metcalfe
2044,Seaton
768,Ewing
1637,Murphy
682,Donkersley
677,Dogherty
1156,Horsman
1026,Hardy
2674,Reed
2600,Johnson
1141,Holmes
201,Bird
3132,Ruditis
3294,Fisher
2606,Warriner
630,De Waay
1551,Mcphillimy
1799,Penrose
292,Brown
2581,Young
1909,Reed
266,Briggs
3115,Kalia
1011,Hamilton
777,Farmer
1544,Mckenzie
3247,Kubota
1012,Hammond
293,Brown
1957,Rochfort
202,Bird
1428,Lok
2248,Tappin
725,Edwards
1552,Mcquade
1686,Nottingham
393,Chalmers
2983,Paine
2232,Swannell
434,Clark
2700,Mcgall
2329,Tomkins
2761,Munro
1638,Murphy
2834,Batt
3311,McGoven
2912,Munn
1370,Lantsbery
1761,Parkinson
1391,Leeson
3023,Weiner
2509,Willett
731,Eldridge
3249,Lewis
871,Gardener
1439,Ludford
423,Church
572,Currell
2154,Smyth
1331,Kirby
1478,Marriott
3354,Rosborough
2117,Slinn
3054,Schleising
1097,Heyes
1717,O'Rourke
874,Gardner
1691,O' Reilly
2990,Jearey
3240,Hollick
326,Burnett
1237,Jennings
559,Cronin
995,Hainsworth
3044,Warner
3325,Peacock
1235,Jenkins
2510,Willett
2648,Lawton
1114,Himpelmann
894,Geraerts
3266,Rogers
3169,Hollick
2515,Williams
2274,Teh
93,Bacchus
640,Dee
1347,Kordosis
2102,Skates
1167,Howard
1926,Richards
442,Clarke
3219,Christophers
1659,Neighbour
2927,Smith
3179,Gardner
2864,Clamp
1407,Levy
830,Foote
11,Abbott
70,Arnold
2495,Whiting
596,Davesne
286,Brooks-Marnes
1068,Haynes-Brown
1576,Miller
2689,Bolton
463,Clifford
2941,French
506,Coole
133,Barney
779,Farrington
2404,Waller
672,Dixon
2772,Reeb
883,Geary
917,Gittings
141,Basham
3042,Tomlin
1623,Morris
783,Fawcett
2096,Simpson
2812,Ashton-Rigby
2851,Mould
2847,Waterston
1699,Odell
1062,Hayes
2866,Swan
2192,Steere
1895,Rand
1281,Jordan
613,Davis
2240,Szczerbowska
1294,Keighley
2185,Stapleton
3248,Lainsbury
726,Edwards
2582,Young
1948,Robertson
39,Allen
2087,Sigsworth
322,Bunn
1104,Higgins
2975,Medori
2069,Sheehan
3250,Lunn
1298,Kelly
2311,Thrift
380,Carter
500,Cook
1752,Parker
1435,Lubkey
2702,Russell
425,Clack
318,Bull
2744,Webb
1332,Kirby
3254,Mcneil
3283,Yabsley
2459,Webster
1879,Pye
1143,Holt
2489,White
1846,Powell
1002,Hall
544,Craig
1364,Lamberton
2451,Webb
3252,Mcdougal
1441,Luxford
1720,Osbourne
2219,Such
1711,Orchard
1433,Lowe
695,Draper
2709,Mcneil
501,Cook
1003,Hall
71,Arnold
2384,Visentin
1526,Mcdermott
1963,Rodger
2000,Russell
1470,Manlove
1333,Kirk
2452,Webb
2684,O'Neill
2138,Smith
2997,Brown
3264,Reid
2205,Stones
2263,Taylor
1808,Peters
903,Gibson
1302,Kemp
168,Bendeus
926,Goldsmith
2571,Wright
125,Barby
2101,Sinon
2430,Warr
119,Banerjee
2448,Watts
2194,Steve
3269,Smart
1512,Mayer
2805,Gordon
1293,Keeler
2473,Westlake
2243,Tait
824,Flores
261,Bridges
2221,Sullivan
1006,Hallis
1509,Maxfield
1168,Howard
3331,Pannell
3197,Kendall
2892,Dutton
2995,Krish
1067,Haynes
2516,Williams
1641,Murray
512,Cooper
407,Chapman
646,Deloubes
3232,Fitzgerald
565,Cummins
539,Cox
3117,Mangipudi
29,Akhtar
758,Evans
17,Adams
1316,Kidby
3124,Perry
2687,Holmes
2839,Potter
2926,Rooke
1460,Magudia
2155,Snaith
1810,Petzer
2139,Smith
3353,Krakowiak
657,Di Franco
391,Cerrone
505,Cookham
158,Beck
2777,Wasilewski
1389,Leedham
358,Calleia
2915,Cook
2305,Thorne
2517,Williams
793,Fernandez-Lomana
3244,John
2895,Hollis
893,Georgiou-Scott
1800,Peralta
1547,Mcnamara
2523,Williamson
1935,Riego-Solana
658,Di Girolamo
3149,Stansfield
2591,Zuccarello
2737,Harris
691,Dowson
1889,Rabbetts
971,Gregory
1927,Richards
25,Affuso
195,Billyard
2249,Tappin
1949,Robertson
1827,Pickerill
2776,Billington
2733,Crack
1434,Lowe
1396,Lennon
2959,Smith
3021,Atkinson
1252,Johnson
525,Cornell
1786,Pearson
453,Clayton
760,Evans
3053,Gatenby
1386,Lee
1436,Lucas
250,Boyles
1476,Manning
344,Bywater
2508,Willcocks
916,Gilmartin
3297,Edwards
2659,Kent
979,Griffiths
413,Cheadle
2214,Stubbs
227,Boden
2833,Drader
2079,Short
667,Dilks
3238,Harris
2869,Swan
1427,Logan
2354,Turner
1463,Mailer
2985,Gray
273,Bromley
2032,Scarborough
1904,Rebecchi
2949,Hartley
1215,Jackson
1242,Jessop
2264,Taylor
1459,Madges
1199,Ilic
341,Byles
1102,Hierro
3196,Shore
2609,Gear
595,Davern
154,Beare
747,Erasmus
1074,Heaton
1667,Newton
213,Blanche
1005,Halliday
1419,Lhuillier
1736,Pain
1885,Quigley
3067,Waggott
2265,Taylor
1377,Lawrence
806,Firth
1162,Houlard
1381,Lea
700,Dullaart
1105,Highe
1240,Jensen
450,Clark-Tunnicliff
2326,To
2462,Welch
1414,Lewis
1179,Hughes
1743,Palmieri
106,Baker
475,Cole
2802,Kenner
2630,Douglas
1091,Herbert
40,Allen
167,Bench
2825,Davies
228,Boden
1854,Preston
3366,McKinnell
3173,Okano
1387,Lee
1200,Ilic
496,Convery
1997,Rushton
3309,Curtos
1270,Jones
1840,Pope
3051,Springham
249,Boyden
3313,Dickie
382,Cartwright
2697,Preston
1918,Reynolds
18,Adams
3141,Clarke
1253,Johnson
2140,Smith
1160,Houghton
3292,Jones
1447,Ma
2177,Squires
2594,Quinn
2948,Bodfield
558,Crompton
369,Carey
3246,Kirkpatrick
443,Clarke
2747,Kos
921,Glanville
145,Bastian
2081,Shortland
3324,Jones
2540,Wilson
606,Davies
99,Bailey
178,Berry
2795,Napleton
1361,Lambert
678,Dolan
1401,Levaggi
305,Brunet
3274,Von Scharfenberg
3347,Sandford
366,Capell
404,Chang
2682,Duncan
1157,Horton
1154,Hornshaw
1862,Pritchard
247,Boyce
1527,Mcdonagh
398,Champion
2490,White
197,Birch
3017,Fletcher
1548,Mcnamara
3039,Shannon
922,Glazebrook
489,Conn
2345,Trundley
1688,Nutkins
2114,Slater
1343,Knowles
2511,Willett
129,Barnard
2705,Tholen
495,Consitt
1402,Levaggi
838,Foskett
833,Forde
750,Esarey
2366,Urry
1080,Hellier
850,Franks
2142,Smith
3290,Smith
284,Brooks
3084,Hooker
1577,Miller
607,Davies
2346,Truter
3158,Russell
3032,Ryan
2914,Parish
2496,Whiting
2842,Sampson
1236,Jenner
2453,Webb
1340,Knott
1284,Juniper
3133,Smith
3153,Smyth
20,Adamson
3359,Lopex-Ramivez
2400,Walker
1186,Hurford
1933,Richmond
931,Gooch
3272,Tilsley
1395,Lemon
861,Furby
2298,Thompson
1216,Jackson
3138,Zollo
2814,Clarke
164,Bell
459,Clegg
2649,Oswick
3139,Evans
1850,Pownall
1053,Hateley
1182,Hulse
55,Anfield
780,Farrow
1225,Jarvis
1403,Levaggi
192,Billingham
2826,Drewett
2272,Tedder
1900,Raza
2530,Wilmot
648,Dempster
173,Ben-Taieb
1710,Oralman
2162,Solomon
3367,Rawal
1049,Harvey
2253,Tayler
2932,Greenland
2924,Khakpour
296,Brown
2314,Tillett
263,Bridgman
3315,Lees
2550,Wood
1560,Mellowship
166,Belsey
2402,Wallace
481,Collinson
3014,Davies
2048,Sexon
977,Griffin
1271,Jones
2080,Shorten
3122,Willsher
3207,Risley
1272,Jones
891,George
1529,Mcdonald
2252,Tate
2408,Wallis
3211,Chapman
1415,Lewis
1355,Lach-Szyrma
2454,Webb
313,Buckle
2266,Taylor
857,French
2193,Stephenson
749,Errington
303,Bruce
2799,Murray
848,Frankland
65,Arlett
2683,Pursell
3305,Thompson
3150,Evans
1769,Patel
3372,Wates
2316,Timmins
408,Chapman
675,Dobson
2876,Connew
95,Baddeley
1524,Mccready
553,Crichton
2211,Stringer
1362,Lambert
2166,Sparks
1728,Pacey
1416,Lewis
1273,Jones
1805,Perrett
2562,Worsley
2703,Lorman-Hall
1504,Matthews
1274,Jones
1847,Powell
2756,Baker
131,Barnes
1671,Nicholls
103,Baird
2835,Wakelin
2873,Lewis
1178,Hudson
3167,Mapp
1303,Kemp
2753,Double
2234,Sykes
243,Bowerman
1797,Penfold
1578,Miller
2798,Mallowan
2215,Studman
890,Gentili
193,Billingham
483,Colllins
1139,Hollowell
2625,Warrington
608,Davies
1535,Mcgonagle
3062,Fitzpatrick
444,Clarke
2574,Wyatt
2981,Mendel
2321,Tinto
2071,Sheppard
1681,Norman
1566,Metcalfe
3300,Burdett
839,Fovargue
2642,Hann
2556,Woodward
419,Chesterton
2471,Westacott
2544,Windle
742,Emerton
967,Greentree
1422,Lill
2587,Zafra Raya
845,Francis
992,Haggart
2850,Mould
3151,Pikhurko
1356,Lacigova
2807,Wright
3181,Stross
2917,Mckenna
1027,Harland
2331,Tomlinson
2699,O'Leary
2880,Morrison
1707,Olunuga
3217,Carmichael
762,Evans
52,Andrews
144,Basso
889,Gennero
83,Aurora
794,Fernandez-Lomana
2966,Goriainoff
2180,Stack
89,Avis
2338,Topp
107,Baker
865,Gaffney
1936,Rigby
1890,Radford
3102,Furness
19,Adams
2952,Rushworth
609,Davies
2504,Wilkerson
823,Floodgate
1684,Northern
2524,Williamson
2309,Thorpe
2901,Matthews
472,Coe
3056,Mason
2965,Fletcher
2557,Woodward
546,Crane
1052,Hastings
1785,Pearce
2666,Davey
3166,Maske
2186,Stapleton
1238,Jennings
75,Asquith
22,Adcock
2921,Tivey
3095,Sutherland
919,Glaister
842,Fox
1089,Hepburn
693,Doyle
1030,Harrell
2358,Twamley
1921,Rhodes
1037,Harris
285,Brooks
2929,Bond
2686,Carolan
1134,Holland
1380,Lazarus
2863,Clamp
1131,Holgate
1045,Hart
2946,Souster
1944,Roberts
1631,Muchmore
252,Bradshaw
2425,Ward
1766,Parsons
3019,Masterson
955,Gray
2286,Thomas
375,Carrington
3273,Trainor
402,Chance
524,Cornelius
2843,Harris
1325,King
2097,Simpson
2143,Smith
1117,Hing
989,Gutteridge
2077,Shore-Marston
2002,Rutland
88,Avery
1071,Hearne
477,Coleman
216,Bland
2856,Emery
62,Archbutt
3344,Gayle
1882,Quartin Graca
3026,Viedma Hinarejos
3001,Habbick
3058,Chambers
2957,Southall
2688,Holmes
2565,Wray
1404,Levaggi
1442,Luxford
772,Fahy
3337,Beatby
212,Blanchard
2145,Smith
895,Geraerts
1258,Johnston
2947,Emery
445,Clarke
3029,Hall
1609,Moor
701,Dullaart
3086,Moffat
3258,Munce
3063,Jopp
1657,Needham
3358,Burt
1722,O'Toole
1682,Norman
1341,Knott
807,Firth
2091,Simmons
2031,Scannell
1571,Miell
1721,Osullivan
3022,Nemeth
1616,Morgan
1532,Mceleney
1960,Rock
1346,Kolodziej
1232,Jeffs
2455,Webb
2626,Church
2144,Smith
2891,Dodd
2890,King
619,Day
1533,Mcelhinney
446,Clarke
76,Atkins
50,Anderson
2392,Wainwright
2900,Nitchen
2650,Cowin
3349,Sturgess
487,Congreve
1525,Mccue
3024,Dand
1756,Parkes
1483,Marshall
3037,Stainsby
1121,Hitchen
1185,Hunter
268,Britton
1454,Mackie
1438,Lucas
927,Gollop
127,Barford
2680,Aconley
904,Gibson
2059,Sharpe
1465,Major
1770,Patel
2593,El-Megreisi
3322,Brown
2106,Slack
2969,Duff
986,Guiste
165,Bellamy
3310,Curtis
3336,Elder
1664,Newell
1806,Perrett
1545,Mckinlay
297,Brown
1779,Payne
1928,Richards
1367,Langridge
1025,Hardwick
3304,Edwards
1804,Perez
2739,Green
717,Dziedzic
3351,Mistry
104,Bajwa-Patel
1601,Mondair
2766,Vallabhaneni
3314,Patel
1603,Monserrate
1425,Llusca Colson
3015,Cousseau
665,Dighe
330,Burrows
149,Baxter
1809,Petherick-Burnman
35,Allcock
743,Emerton
1612,Moore
3276,Whiteley
1897,Ratcliff
2434,Warrillow
1753,Parker
1082,Helsby
774,Faret
1290,Keane
910,Gilbert
3087,Richards
1337,Klovas
41,Allen
184,Bezuidenhout
410,Charlton
1767,Parsons
3088,Harry
1883,Quennell
1777,Paul
763,Evans
365,Cant
1831,Pillinger
2363,Underhill
3233,Foulkes
362,Campbell
2218,Sturdy
1757,Parkes
1392,Leggett
151,Bazeley
2198,Stickland
1327,King
323,Bunney
2147,Smith
562,Crump
849,Franklin
620,Day
1855,Prettyman
1497,Mason
911,Gilbertson
837,Forrest
939,Gordon
1706,Olney
1550,Mcphaden
673,Dixon
610,Davies
854,Freeman
1424,Livings
764,Evans
1394,Leigh
798,Fiddes
2310,Thorpe
2651,Alexander
2170,Spencer
2460,Webster
2007,Ryan
1687,Nugent
1471,Manlove
635,Dear
43,Allingham
2887,Swindells
236,Booth
435,Clark
3176,O'Toole
218,Bliss
2362,Unadkat
2552,Wood
3076,Mistry
1704,Olatunde
1848,Powell
1085,Hemming
253,Brady
767,Everett
1318,Kilner
3159,Murphy
2020,Sangar
2275,Temple
332,Burton
153,Beal
2025,Sargent
2994,Burton
3201,Palmer
940,Gordon
2039,Scott
684,Donovan
2148,Smith
2092,Simmons
2426,Ward
859,Fullylove
2893,Bateman
503,Cook
1734,Page
2816,Moon
781,Farthing
1619,Morley-Smith
1063,Haylock
1505,Matthews
2751,Harwood
1863,Pritchard
3111,Weissenberger
3092,Prater
2098,Simpson
3099,Sandler
858,Frost
120,Banerjee
797,Fiander
1429,Long
1122,Hobbs
1108,Hill
513,Cooper
3105,Perry
1090,Hepher
2629,Cavendish
1073,Heath
2670,Widdecombe
2541,Wilson
929,Gonzales
882,Gawronski
2518,Williams
905,Gibson
1029,Harper
455,Clayton
1452,Mackenzie
2553,Wood
720,Edmonds
2896,Alexander
1353,Kynvin
1087,Henderson
820,Fletcher
520,Corbyn
2506,Wilkins
1088,Henson
1585,Milne
226,Boddington
3052,Chaplin
3346,3346
3293,3293
1174,Howton
2784,Casey
1974,Rose
2982,Floutier
1275,Jones
2239,Syson
2149,Smith
2844,Wooderson
2415,Walters
1643,Murtagh
721,Edmondson
1916,Reilly
957,Gray
1803,Percival
1506,Matthews
3161,Holden
2394,Wakeling
593,Datoo
948,Grant
1893,Ramsden
491,Connelly
2558,Woodward Gentle
1583,Mills
2474,Westlake
1004,Hall
872,Gardiner
804,Finney
1580,Millett
2040,Seagrave
935,Goodman
1677,Noar
588,Daniells
825,Flower
275,Bromwich
1219,James
1495,Masarati
2529,Wills
529,Cortese
551,Crellin
1898,Ratcliffe
183,Bezchi
803,Finnerty
573,Curson
1542,Mckay
1227,Jarvis
2821,Holly
150,Baylis
1758,Parkes
1314,Kettle
2542,Wilson
1975,Rose
1573,Miles
396,Chamberlain
2678,Lidlow
2150,Smith
1689,O' Connor
2200,Stockton
2066,Shear-Hall
2352,Turnbull
973,Greig
2111,Slann
2225,Sutton
2519,Williams
1378,Layton
1363,Lambert
84,Austin
1745,Panes
1877,Purches
1254,Johnson
114,Ball
3127,Thompson
2300,Thompson
2655,Oxley
915,Gilligan
1100,Hibberd
1137,Hollier
1693,Oakley
2083,Shuter
826,Fogerty
1584,Mills
217,Bland
1694,Obinna
1956,Roche
359,Callery
2339,Tovey
1903,Reardon
982,Grove
2879,Paradine
860,Funakoshi
1886,Quince
409,Charkham
2676,Velotta
3114,Kalia
611,Davies
647,Dempsey
1992,Rowland
3216,Bowler
3004,Roberts
3330,Rickson
91,Ayres
2242,Taber
1749,Pape
139,Bartram
1480,Marsh
2543,Wilson
1692,O Riain
1594,Mitchell
1703,O'Kane
3316,Power
1161,Houghton
2202,Stokes
3072,Mcgilligan
1546,Mcmullan
1072,Hearson
2195,Stevens
1461,Maher
1876,Purcell
1276,Jones
2580,Yoon
1352,Kunin
2838,Brookings
1820,Phillips
1562,Merali
925,Golamy
3028,Adams
1811,Phagoora
1150,Horn
2477,Weston
1773,Paterson
1762,Parlett
947,Graham
554,Crichton
990,Hacker
437,Clark
3125,Kirtley
140,Barwell
232,Bonner
653,Desai
2572,Wright
2247,Taneja
547,Crane
2443,Watson
1028,Harmes
1304,Kemp
356,Calignawan
2115,Slater
2589,Zietsman
1418,Lewis-Evans
2785,Manchon Marin
1653,Nash
2301,Thompson
2491,White
2774,Partridge
2923,Craddock
1299,Kelly
2376,Varcoe
1901,Read
2390,Wagstaff
1787,Pearson
949,Grantham
811,Fisher
2657,Gouldbourn
2478,Weston
1700,Ogle
988,Gurney
109,Baker
632,Dean
2586,Zacharzewski
79,Attewell
645,Deller
1335,Kirschner
467,Coats
3163,Church
1719,Osborne
3060,Wieremiej
532,Cottenham
3205,Dear
846,Frank
972,Gregson
1479,Marsden
1228,Jarvis
2781,Blott
2485,Whitaker
773,Falcon
2584,Young
400,Chan
2628,Hodges
3192,Pidgeon
3334,Dawson
2760,Ruffles
172,Bennett
3148,Stansfield
1138,Hollingsworth
519,Coppock
1579,Miller
1915,Reid
1865,Probert
2779,Mayfield
269,Brizs
2971,Chettle
808,Firth
1093,Herring
3154,Richardson
1774,Patey
713,Duvivie
1518,Mcallister
2108,Slack
1368,Langton
1445,Lynn
42,Allen
1171,Howe
3113,Farrington
2944,Davies
734,Elkan
1881,Pyne
2382,Viner
1417,Lewis
77,Atkins
1555,Mead
3103,Brian
2277,Tew
914,Gillett
219,Block
685,Doogan
1742,Palmer
1458,Maden
2690,Bolton
3191,Pidgeon
1599,Monaghan
1754,Parker
3089,Bonsell
1277,Jones
1513,Mayfield
1824,Phillpot
1972,Rooney
3104,Porter
447,Clarke
1243,Jocelyn
2525,Williamson
462,Cliff
1971,Roome
1255,Johnson
122,Barber
53,Andrews
2520,Williams
2060,Sharrock
2011,Salmon
112,Baldwin
2344,Truan
2758,Adams
975,Grierson
3035,Gibbons
719,Edginton
2159,Snelling
1987,Routledge
2726,Hunwick
3271,Thompson
932,Goodger
3257,Morgan-Ryder
3341,Hill
1329,King
1127,Holbrook
126,Barfoot
23,Adkins
744,Emerton
680,Donaldson
85,Austin
812,Fisher
2888,Spencer
12,Abraham
239,Bostock
3025,Nicol
2068,Shears
3253,Mcmorran
2860,Tredgett
2464,Wells
708,Dunn
2555,Woodruff
741,Ellison
589,Dare
3242,Irving
1633,De-Freyne
641,Deeble
569,Curd
3208,Leafe
1559,Mellows
2976,Olney
319,Bullard
3160,Markland
1330,King
1530,Mcdonald
80,Attrill
2041,Seagrave
1932,Richardson
732,Eldridge
2794,Cameron
100,Bailey
2840,Sackett
3085,Ive
555,Crichton
517,Copp
2270,Taylor
1173,Howkins
385,Castledine
1660,Neighbour
265,Brierley
110,Baker
2755,Duncan
897,Germain
182,Beverley
2010,Salim
1680,Noda
2053,Sharma
829,Foot
3071,Teasdale
875,Gardner
2603,Healey
1066,Haymes
1731,Pack
1259,Johnston
56,Anfield
1826,Phipps
2845,Heaps
2337,Tonks
1357,Lagier
156,Beaven
15,Adamczyk
13,Abubacker
1050,Harvey
2954,Yelland
1531,Mcdonnell
2379,Veingard
207,Black
476,Cole
3368,Nash-King
2560,Wooton
34,Allan
68,Armstrong
896,Gerami
1540,Mcilrath
1116,Hindmarsh
1485,Martignetti
2432,Warren
980,Griffiths
2614,Hatter
689,Down
2769,Mchugh
3218,Cheese
1868,Pugh
2433,Warren
438,Clark
2076,Sholl
3291,Dragon
3225,Crabbe
3203,Inchley
2646,Bennett
465,Clissitt
1017,Han
828,Fontenot
2307,Thorp
1772,Patenall
1639,Murphy
1498,Mason
2884,Marshall
1795,Pegram
2715,Long
3162,Hunt
2664,Mackley
1596,Mobbs
2711,Gray
2073,Sherwood
1723,O'Toole
3190,Williams
2522,Williams
2724,Nicholson
1712,O'Reardon
907,Giffen
1111,Hillman-Brown
2935,Wyndham
403,Chandler
1278,Jones
1896,Randall
1537,Mcgreal
2223,Summers
643,Delaney
3343,Herrtage
1952,Robinson
2602,Waller
1484,Marshall
958,Gray
2372,Van-Der-Merwe
2171,Spetch
2493,White
3143,Raftery
1064,Hayman
2457,Webb
2647,Fitch
1759,Parkins
137,Bartlett
3321,Brassington
132,Barnes
1279,Jones
1468,Mallens
528,Coronado
3323,Dunster
523,Cormano
1565,Merridan
343,Byrne
1605,Montanaro
1788,Pearson
1481,Marsh
2610,Jones
479,Collingwood
2809,Hannon
3136,Kilsby
514,Cooper
540,Cox
2074,Shields-Peach
3212,Aldridge-Jones
123,Barber
3083,Hooker
2746,Herrick-Rolland
1147,Hooker
892,George
308,Buck
2637,Thompson
3174,Tiller
1041,Harrison
3340,Jefferson
2160,Snutch
2861,Allen
1023,Harding
802,Finch
203,Bird
2767,Narreddy
1593,Mistry
899,Ghaleb
2204,Stone
58,Antipova
2386,Von Arx
384,Cassidy
2209,Stride
2894,Clarke
1962,Rocquelin
3220,Clark
1244,Johashen
179,Berry
2158,Snell
599,Davey
363,Camy
765,Evans
578,Curtis-Smith
2153,Smithers
33,Alexandrr
2868,Allen
1239,Jennings
3091,Gray
2622,Wan
66,Armour
3183,Ling
1821,Phillips
2741,Calloway
277,Brooker
2051,Shah
2368,Valambhia
1508,Maurello
2480,Wheeler
1976,Rose
2644,Brearley
1853,Preece
2978,Albone
933,Goodlake
1295,Kelleher
2370,Vallentine
1966,Rogers
2750,Walker
1423,Lim
2950,Webber
2579,Yates
1902,Reading
1852,Prechner
2279,Tharani
2302,Thompson
2364,Unwin
1625,Morris
978,Griffin
54,Andrews
1750,Pargeter
1514,Mayger
1135,Holland
3280,Woodward
2654,Chinwala
2882,Todd
1899,Raw
1469,Mamodhoussen
2970,Martin
2512,Willett
142,Basham
1822,Phillips
